{"cameraMode":{"drawMode":0,"name":"Shaded","section":"Shading Mode"},"sceneLighting":true,"audioPlay":false,"sceneViewState":{"showFog":true,"showMaterialUpdate":false,"showSkybox":true,"showFlares":true,"showImageEffects":true,"showParticleSystems":true,"showVisualEffectGraphs":true,"m_FxEnabled":true},"in2DMode":false,"pivot":{"x":-5.241866588592529,"y":0.6133468151092529,"z":49.34265899658203},"rotation":{"x":0.045183371752500537,"y":-0.06977690756320954,"z":0.0031649803277105095,"w":0.9965400695800781},"size":42.76786804199219,"orthographic":false}