{"cameraMode":{"drawMode":0,"name":"Shaded","section":"Shading Mode"},"sceneLighting":false,"audioPlay":false,"sceneViewState":{"showFog":true,"showMaterialUpdate":false,"showSkybox":false,"showFlares":true,"showImageEffects":true,"showParticleSystems":true,"showVisualEffectGraphs":true,"m_FxEnabled":true},"in2DMode":false,"pivot":{"x":0.057982802391052249,"y":1.2900924682617188,"z":0.5262521505355835},"rotation":{"x":0.012248752638697625,"y":0.943527340888977,"z":0.03510630875825882,"w":-0.32920148968696597},"size":1.1396760940551758,"orthographic":false}