{"cameraMode":{"drawMode":0,"name":"Shaded","section":"Shading Mode"},"sceneLighting":false,"audioPlay":false,"sceneViewState":{"showFog":true,"showMaterialUpdate":false,"showSkybox":false,"showFlares":true,"showImageEffects":true,"showParticleSystems":true,"showVisualEffectGraphs":true,"m_FxEnabled":true},"in2DMode":false,"pivot":{"x":161.92774963378907,"y":147.50424194335938,"z":172.92945861816407},"rotation":{"x":-0.09348315000534058,"y":0.5367932915687561,"z":-0.059997402131557468,"w":-0.8363722562789917},"size":0.6928097605705261,"orthographic":false}